{
  "IcoMoonType": "selection",
  "icons": [
    {
      "icon": {
        "paths": [
          "M1024 103.136l-103.136-103.136-408.864 408.864-408.864-408.864-103.136 103.136 408.864 408.864-408.864 408.864 103.136 103.136 408.864-408.864 408.864 408.864 103.136-103.136-408.864-408.864 408.864-408.864z"
        ],
        "attrs": [
          {}
        ],
        "isMulticolor": false,
        "isMulticolor2": false,
        "grid": 0,
        "tags": [
          "cross"
        ]
      },
      "attrs": [
        {}
      ],
      "properties": {
        "order": 116,
        "id": 1,
        "name": "cross",
        "prevSize": 32
      },
      "setIdx": 0,
      "setId": 7,
      "iconIdx": 0
    },
    {
      "icon": {
        "paths": [
          "M62.72 932.928h1374.88M62.72 499.68h1374.88M62.72 66.464h1374.88"
        ],
        "attrs": [
          {
            "fill": "none",
            "strokeLinejoin": "round",
            "strokeLinecap": "round",
            "strokeMiterlimit": "4",
            "strokeWidth": 139.6352
          }
        ],
        "width": 1504,
        "isMulticolor": false,
        "isMulticolor2": false,
        "grid": 0,
        "tags": [
          "nav-bar"
        ]
      },
      "attrs": [
        {
          "fill": "none",
          "strokeLinejoin": "round",
          "strokeLinecap": "round",
          "strokeMiterlimit": "4",
          "strokeWidth": 139.6352
        }
      ],
      "properties": {
        "order": 115,
        "id": 0,
        "name": "nav-bar",
        "prevSize": 32
      },
      "setIdx": 0,
      "setId": 7,
      "iconIdx": 1
    }
  ],
  "height": 1024,
  "preferences": {
    "showGlyphs": true,
    "showQuickUse": true,
    "showQuickUse2": true,
    "showSVGs": true,
    "fontPref": {
      "prefix": "icon-",
      "metadata": {
        "fontFamily": "icomoon"
      },
      "metrics": {
        "emSize": 1024,
        "baseline": 6.25,
        "whitespace": 50
      },
      "embed": false
    },
    "imagePref": {
      "prefix": "icon-",
      "png": true,
      "useClassSelector": true,
      "color": 0,
      "bgColor": 16777215,
      "classSelector": ".icon",
      "name": "icomoon",
      "height": 32,
      "columns": 16,
      "margin": 16
    },
    "historySize": 50,
    "showCodes": true,
    "gridSize": 16,
    "showGrid": false
  }
}